285.000000,115.000000,246.444977, 53.000000, 31.000000, 41.000000, 54.000000, 42.000000, 46.000000, 64.000000,187.000000,330.817900
285.000000,115.000000,246.467163,115.000000, 30.000000, 47.000000, 60.000000, 54.000000, 45.000000, 39.000000,188.000000,350.275900
285.000000,115.000000,246.469376, 77.000000, 34.000000, 40.000000, 54.000000, 39.000000, 41.000000, 45.000000,183.000000,260.215900
285.000000,115.000000,246.471588, 69.000000, 31.000000, 48.000000, 51.000000, 33.000000, 47.000000, 64.000000,204.000000,372.287900
285.000000,115.000000,246.473862, 49.000000, 23.000000, 52.000000, 52.000000, 50.000000, 55.000000, 52.000000,186.000000,336.807900
285.000000,115.000000,246.476059, 64.000000, 42.000000, 44.000000, 45.000000, 48.000000, 43.000000, 47.000000,186.000000,290.437900
285.000000,115.000000,246.478271, 73.000000, 34.000000, 53.000000, 58.000000, 36.000000, 59.000000, 48.000000,189.000000,344.475900
285.000000,115.000000,246.480469, 70.000000, 27.000000, 39.000000, 61.000000, 62.000000, 41.000000, 38.000000,209.000000,366.005900
285.000000,115.000000,246.482666, 78.000000, 38.000000, 41.000000, 39.000000, 54.000000, 55.000000, 48.000000,196.000000,352.365900
285.000000,115.000000,246.484955, 81.000000, 30.000000, 49.000000, 64.000000, 43.000000, 46.000000, 45.000000,175.000000,284.645900
285.000000,115.000000,246.487152, 85.000000, 33.000000, 50.000000, 59.000000, 61.000000, 38.000000, 44.000000,216.000000,427.325900
285.000000,115.000000,246.489365, 64.000000, 33.000000, 47.000000, 51.000000, 43.000000, 45.000000, 45.000000,192.000000,302.457900
285.000000,115.000000,246.491562, 78.000000, 29.000000, 45.000000, 45.000000, 42.000000, 61.000000, 43.000000,185.000000,300.265900
285.000000,115.000000,246.493835, 61.000000, 23.000000, 54.000000, 43.000000, 52.000000, 55.000000, 42.000000,190.000000,314.457900
285.000000,115.000000,246.496048, 95.000000, 32.000000, 50.000000, 52.000000, 46.000000, 49.000000, 51.000000,193.000000,364.565900
285.000000,115.000000,246.498245, 55.000000, 31.000000, 38.000000, 61.000000, 54.000000, 57.000000, 47.000000,183.000000,332.237900
285.000000,115.000000,246.500443, 79.000000, 29.000000, 49.000000, 51.000000, 55.000000, 48.000000, 49.000000,192.000000,351.255900
285.000000,115.000000,246.502655, 76.000000, 43.000000, 46.000000, 49.000000, 48.000000, 45.000000, 35.000000,216.000000,373.915900
285.000000,115.000000,246.504929, 73.000000, 26.000000, 44.000000, 60.000000, 37.000000, 65.000000, 32.000000,186.000000,292.791900
285.000000,115.000000,246.507141, 60.000000, 27.000000, 39.000000, 48.000000, 40.000000, 59.000000, 37.000000,215.000000,355.357900
285.000000,115.000000,246.509338, 70.000000, 32.000000, 37.000000, 58.000000, 63.000000, 59.000000, 41.000000,209.000000,415.365900
285.000000,115.000000,246.511551, 91.000000, 24.000000, 37.000000, 53.000000, 42.000000, 51.000000, 41.000000,190.000000,295.565900
285.000000,115.000000,246.522644, 61.000000, 30.000000, 45.000000, 44.000000, 47.000000, 45.000000, 50.000000,186.000000,286.367900
285.000000,115.000000,246.524918, 78.000000, 15.000000, 43.000000, 51.000000, 59.000000, 41.000000, 40.000000,202.000000,330.761100
285.000000,115.000000,246.527115, 81.000000, 24.000000, 43.000000, 38.000000, 58.000000, 34.000000, 61.000000,171.000000,261.090300
285.000000,115.000000,246.529327, 74.000000, 31.000000, 39.000000, 48.000000, 43.000000, 48.000000, 47.000000,199.000000,321.265900
285.000000,115.000000,246.531525, 75.000000, 44.000000, 53.000000, 53.000000, 44.000000, 45.000000, 35.000000,179.000000,268.445900
285.000000,115.000000,246.533798, 65.000000, 27.000000, 37.000000, 45.000000, 44.000000, 44.000000, 39.000000,187.000000,239.007900
285.000000,115.000000,246.536011, 73.000000, 39.000000, 36.000000, 57.000000, 49.000000, 45.000000, 48.000000,186.000000,308.845900
285.000000,115.000000,246.538208, 77.000000, 27.000000, 54.000000, 38.000000, 27.000000, 45.000000, 34.000000,194.000000,246.530900
285.000000,115.000000,246.540421, 80.000000, 31.000000, 35.000000, 42.000000, 55.000000, 52.000000, 48.000000,191.000000,322.045900
285.000000,115.000000,246.542618, 59.000000, 26.000000, 54.000000, 60.000000, 38.000000, 47.000000, 55.000000,205.000000,380.787900
285.000000,115.000000,246.544891, 74.000000, 33.000000, 47.000000, 53.000000, 48.000000, 53.000000, 45.000000,192.000000,338.925900
285.000000,115.000000,246.547104, 76.000000, 25.000000, 51.000000, 47.000000, 62.000000, 48.000000, 48.000000,197.000000,366.985900
285.000000,115.000000,246.549301, 65.000000, 41.000000, 40.000000, 53.000000, 44.000000, 52.000000, 50.000000,190.000000,330.337900
285.000000,115.000000,246.551514, 76.000000, 35.000000, 32.000000, 55.000000, 50.000000, 38.000000, 44.000000,167.000000,214.035900
285.000000,115.000000,246.553787, 77.000000, 32.000000, 48.000000, 41.000000, 46.000000, 37.000000, 52.000000,190.000000,291.675900
285.000000,115.000000,246.555984, 76.000000, 32.000000, 51.000000, 61.000000, 52.000000, 56.000000, 50.000000,185.000000,365.805900
285.000000,115.000000,246.558197, 58.000000, 30.000000, 50.000000, 55.000000, 35.000000, 51.000000, 42.000000,167.000000,222.487900
285.000000,115.000000,246.560394, 85.000000, 22.000000, 34.000000, 53.000000, 41.000000, 49.000000, 41.000000,182.000000,251.965900
285.000000,115.000000,246.562607, 66.000000, 27.000000, 52.000000, 53.000000, 43.000000, 53.000000, 53.000000,183.000000,317.587900
285.000000,115.000000,246.564880, 62.000000, 22.000000, 49.000000, 64.000000, 41.000000, 51.000000, 56.000000,189.000000,344.247900
285.000000,115.000000,246.567078, 65.000000, 33.000000, 42.000000, 50.000000, 48.000000, 52.000000, 54.000000,183.000000,315.447900
285.000000,115.000000,246.569290, 63.000000, 29.000000, 42.000000, 39.000000, 43.000000, 46.000000, 50.000000,199.000000,306.507900
285.000000,115.000000,246.571487, 73.000000, 30.000000, 48.000000, 45.000000, 40.000000, 41.000000, 53.000000,199.000000,320.195900
285.000000,115.000000,246.573761, 73.000000, 43.000000, 29.000000, 47.000000, 41.000000, 41.000000, 45.000000,191.000000,267.935900
285.000000,115.000000,246.575974, 84.000000, 33.000000, 40.000000, 39.000000, 44.000000, 42.000000, 42.000000,210.000000,327.555900
285.000000,115.000000,246.578171, 97.000000, 36.000000, 44.000000, 45.000000, 56.000000, 43.000000, 41.000000,167.000000,250.115900
285.000000,115.000000,246.580383, 80.000000, 31.000000, 45.000000, 63.000000, 46.000000, 51.000000, 42.000000,195.000000,349.325900
285.000000,115.000000,246.582657, 71.000000, 34.000000, 36.000000, 48.000000, 44.000000, 40.000000, 45.000000,201.000000,302.245900
285.000000,115.000000,246.584854, 70.000000, 35.000000, 45.000000, 40.000000, 45.000000, 49.000000, 58.000000,171.000000,265.305900
285.000000,115.000000,246.587067, 65.000000, 22.000000, 35.000000, 56.000000, 39.000000, 45.000000, 53.000000,183.000000,265.527900
285.000000,115.000000,246.589279, 63.000000, 33.000000, 42.000000, 44.000000, 33.000000, 39.000000, 47.000000,207.000000,300.237900
285.000000,115.000000,246.591476, 60.000000, 27.000000, 51.000000, 51.000000, 47.000000, 63.000000, 43.000000,169.000000,274.637900
285.000000,115.000000,246.593750, 70.000000, 29.000000, 49.000000, 43.000000, 36.000000, 57.000000, 48.000000,183.000000,280.585900
285.000000,115.000000,246.595963, 85.000000, 31.000000, 43.000000, 39.000000, 48.000000, 52.000000, 37.000000,175.000000,240.345900
285.000000,115.000000,246.598160, 60.000000, 40.000000, 49.000000, 53.000000, 46.000000, 53.000000, 57.000000,184.000000,348.227900
285.000000,115.000000,246.600357, 78.000000, 37.000000, 44.000000, 47.000000, 57.000000, 41.000000, 50.000000,200.000000,360.805900
285.000000,115.000000,246.602646, 83.000000, 32.000000, 43.000000, 41.000000, 43.000000, 56.000000, 53.000000,169.000000,265.255900
285.000000,115.000000,246.604843, 78.000000, 37.000000, 41.000000, 43.000000, 38.000000, 52.000000, 47.000000,169.000000,232.125900
285.000000,115.000000,246.607056, 71.000000, 24.000000, 38.000000, 57.000000, 53.000000, 52.000000, 49.000000,186.000000,319.285900
285.000000,115.000000,246.609253, 56.000000, 26.000000, 45.000000, 43.000000, 46.000000, 45.000000, 49.000000,211.000000,352.747900
285.000000,115.000000,246.622620, 68.000000, 35.000000, 47.000000, 49.000000, 45.000000, 57.000000, 45.000000,204.000000,370.457900
285.000000,115.000000,246.624832, 76.000000, 31.000000, 38.000000, 47.000000, 36.000000, 48.000000, 45.000000,175.000000,225.915900
285.000000,115.000000,246.627029, 57.000000, 36.000000, 44.000000, 49.000000, 38.000000, 50.000000, 38.000000,170.000000,213.097900
285.000000,115.000000,246.629242, 77.000000, 29.000000, 44.000000, 41.000000, 51.000000, 46.000000, 62.000000,171.000000,280.565900
285.000000,115.000000,246.631439, 72.000000, 38.000000, 44.000000, 51.000000, 52.000000, 54.000000, 45.000000,182.000000,314.695900
285.000000,115.000000,246.633713, 83.000000, 24.000000, 37.000000, 52.000000, 45.000000, 57.000000, 46.000000,189.000000,316.585900
285.000000,115.000000,246.635925, 72.000000, 43.000000, 49.000000, 48.000000, 40.000000, 49.000000, 45.000000,194.000000,323.595900
285.000000,115.000000,246.638123, 61.000000, 33.000000, 34.000000, 45.000000, 50.000000, 60.000000, 38.000000,172.000000,242.057900
285.000000,115.000000,246.640335, 67.000000, 34.000000, 54.000000, 60.000000, 55.000000, 48.000000, 44.000000,195.000000,367.797900
285.000000,115.000000,246.642609, 70.000000, 38.000000, 38.000000, 51.000000, 36.000000, 46.000000, 51.000000,184.000000,274.635900
285.000000,115.000000,246.644806, 71.000000, 16.000000, 49.000000, 57.000000, 37.000000, 48.000000, 45.000000,180.000000,259.601100
285.000000,115.000000,246.647018, 63.000000, 37.000000, 48.000000, 43.000000, 40.000000, 52.000000, 41.000000,207.000000,340.817900
285.000000,115.000000,246.649216, 62.000000, 35.000000, 48.000000, 47.000000, 44.000000, 42.000000, 44.000000,180.000000,254.557900
285.000000,115.000000,246.651428, 70.000000, 33.000000, 37.000000, 62.000000, 45.000000, 51.000000, 43.000000,187.000000,305.085900
285.000000,115.000000,246.653702, 68.000000, 33.000000, 38.000000, 45.000000, 41.000000, 46.000000, 48.000000,188.000000,272.527900
285.000000,115.000000,246.655899, 63.000000, 26.000000, 33.000000, 52.000000, 50.000000, 46.000000, 45.000000,199.000000,314.017900
285.000000,115.000000,246.658112, 82.000000, 38.000000, 43.000000, 71.000000, 35.000000, 50.000000, 27.000000,199.000000,334.251900
285.000000,115.000000,246.660309, 70.000000, 39.000000, 47.000000, 46.000000, 37.000000, 50.000000, 36.000000,173.000000,218.345900
285.000000,115.000000,246.662582, 51.000000, 49.000000, 52.000000, 53.000000, 38.000000, 52.000000, 35.000000,191.000000,308.977900
285.000000,115.000000,246.664795, 78.000000, 21.000000, 39.000000, 57.000000, 44.000000, 56.000000, 40.000000,190.000000,303.325900
285.000000,115.000000,246.666992, 63.000000, 33.000000, 51.000000, 47.000000, 50.000000, 54.000000, 48.000000,190.000000,338.087900
285.000000,115.000000,246.669205, 81.000000, 33.000000, 38.000000, 62.000000, 50.000000, 54.000000, 38.000000,198.000000,354.745900
285.000000,115.000000,246.671402, 77.000000, 31.000000, 52.000000, 56.000000, 45.000000, 45.000000, 46.000000,212.000000,391.655900
285.000000,115.000000,246.673676, 76.000000, 28.000000, 35.000000, 48.000000, 49.000000, 61.000000, 49.000000,188.000000,327.285900
285.000000,115.000000,246.675888, 74.000000, 29.000000, 39.000000, 49.000000, 36.000000, 49.000000, 45.000000,187.000000,266.225900
285.000000,115.000000,246.678085, 70.000000, 32.000000, 40.000000, 47.000000, 45.000000, 61.000000, 56.000000,214.000000,422.705900
285.000000,115.000000,246.680298, 83.000000, 28.000000, 47.000000, 46.000000, 47.000000, 43.000000, 45.000000,173.000000,244.725900
285.000000,115.000000,246.682571, 80.000000, 31.000000, 40.000000, 60.000000, 41.000000, 55.000000, 44.000000,187.000000,316.255900
285.000000,115.000000,246.684769, 66.000000, 34.000000, 42.000000, 62.000000, 46.000000, 47.000000, 43.000000,183.000000,293.327900
285.000000,115.000000,246.686981, 81.000000, 39.000000, 53.000000, 51.000000, 40.000000, 51.000000, 51.000000,169.000000,280.765900
285.000000,115.000000,246.689178, 74.000000, 45.000000, 63.000000, 52.000000, 48.000000, 52.000000, 35.000000,220.000000,433.015900
285.000000,115.000000,246.691391, 71.000000, 29.000000, 44.000000, 51.000000, 38.000000, 51.000000, 41.000000,192.000000,288.115900
285.000000,115.000000,246.693665, 63.000000, 27.000000, 58.000000, 57.000000, 52.000000, 45.000000, 44.000000,221.000000,427.577900
285.000000,115.000000,246.695862, 63.000000, 30.000000, 46.000000, 47.000000, 43.000000, 46.000000, 42.000000,184.000000,260.187900
285.000000,115.000000,246.698074, 69.000000, 35.000000, 36.000000, 52.000000, 42.000000, 51.000000, 42.000000,189.000000,285.387900
285.000000,115.000000,246.700272, 61.000000, 33.000000, 30.000000, 51.000000, 45.000000, 53.000000, 32.000000,203.000000,303.003900
285.000000,115.000000,246.702545, 61.000000, 35.000000, 43.000000, 50.000000, 53.000000, 57.000000, 55.000000,202.000000,402.607900
285.000000,115.000000,246.704758, 84.000000, 38.000000, 42.000000, 54.000000, 66.000000, 48.000000, 44.000000,175.000000,318.325900
285.000000,115.000000,246.706955, 70.000000, 31.000000, 41.000000, 57.000000, 43.000000, 50.000000, 43.000000,193.000000,311.955900
285.000000,115.000000,246.709167, 61.000000, 31.000000, 44.000000, 47.000000, 52.000000, 42.000000, 54.000000,193.000000,326.737900
285.000000,115.000000,246.711365, 82.000000, 37.000000, 36.000000, 50.000000, 48.000000, 64.000000, 42.000000,171.000000,282.265900
285.000000,115.000000,246.733627,107.000000, 26.000000, 37.000000, 46.000000, 38.000000, 48.000000, 40.000000,195.000000,297.815900
285.000000,115.000000,246.735840, 88.000000, 31.000000, 49.000000, 53.000000, 56.000000, 37.000000, 45.000000,199.000000,353.045900
285.000000,115.000000,246.738037, 79.000000, 26.000000, 34.000000, 43.000000, 36.000000, 49.000000, 52.000000,158.000000,177.735900
285.000000,115.000000,246.740250, 76.000000, 32.000000, 43.000000, 42.000000, 40.000000, 45.000000, 46.000000,189.000000,272.835900
285.000000,115.000000,246.742523, 67.000000, 28.000000, 37.000000, 52.000000, 38.000000, 42.000000, 36.000000,196.000000,255.597900
285.000000,115.000000,246.744720, 71.000000, 24.000000, 37.000000, 49.000000, 29.000000, 43.000000, 40.000000,167.000000,159.450900
285.000000,115.000000,246.746933, 70.000000, 28.000000, 36.000000, 36.000000, 44.000000, 51.000000, 47.000000,176.000000,226.485900
285.000000,115.000000,246.749130, 90.000000, 29.000000, 47.000000, 48.000000, 44.000000, 48.000000, 47.000000,170.000000,257.055900
285.000000,115.000000,246.751404, 68.000000, 32.000000, 48.000000, 48.000000, 34.000000, 50.000000, 38.000000,175.000000,219.727900
285.000000,115.000000,246.753616, 66.000000, 31.000000, 50.000000, 40.000000, 46.000000, 52.000000, 40.000000,188.000000,282.187900
285.000000,115.000000,246.755814, 84.000000, 39.000000, 39.000000, 56.000000, 39.000000, 49.000000, 47.000000,186.000000,307.525900
285.000000,115.000000,246.758026, 53.000000, 24.000000, 37.000000, 55.000000, 52.000000, 37.000000, 43.000000,187.000000,263.527900
285.000000,115.000000,246.760223, 72.000000, 21.000000, 45.000000, 48.000000, 43.000000, 52.000000, 44.000000,170.000000,227.945900
285.000000,115.000000,246.762497, 66.000000, 36.000000, 28.000000, 47.000000, 37.000000, 43.000000, 41.000000,200.000000,270.009900
285.000000,115.000000,246.764709, 75.000000, 27.000000, 43.000000, 36.000000, 47.000000, 45.000000, 32.000000,167.000000,167.521900
285.000000,115.000000,246.766907, 65.000000, 27.000000, 35.000000, 32.000000, 40.000000, 46.000000, 40.000000,194.000000,240.135400
285.000000,115.000000,246.769119, 83.000000, 29.000000, 42.000000, 41.000000, 48.000000, 57.000000, 51.000000,171.000000,273.835900
285.000000,115.000000,246.771393, 73.000000, 27.000000, 31.000000, 46.000000, 47.000000, 51.000000, 42.000000,174.000000,225.205900
285.000000,115.000000,246.773590, 74.000000, 31.000000, 33.000000, 50.000000, 40.000000, 44.000000, 36.000000,153.000000,129.435900
285.000000,115.000000,246.775803, 61.000000, 27.000000, 56.000000, 51.000000, 47.000000, 49.000000, 30.000000,170.000000,226.143900
285.000000,115.000000,246.778000, 67.000000, 22.000000, 42.000000, 48.000000, 40.000000, 53.000000, 50.000000,191.000000,299.287900
285.000000,115.000000,246.780212, 77.000000, 30.000000, 34.000000, 50.000000, 57.000000, 44.000000, 50.000000,189.000000,315.255900
285.000000,115.000000,246.782486, 65.000000, 30.000000, 49.000000, 44.000000, 39.000000, 45.000000, 41.000000,172.000000,208.967900
285.000000,115.000000,246.784683, 76.000000, 28.000000, 39.000000, 47.000000, 43.000000, 50.000000, 51.000000,170.000000,242.915900
285.000000,115.000000,246.786896, 72.000000, 20.000000, 37.000000, 61.000000, 45.000000, 61.000000, 46.000000,192.000000,336.461100
285.000000,115.000000,246.789093, 76.000000, 29.000000, 40.000000, 37.000000, 45.000000, 46.000000, 40.000000,203.000000,296.565900
285.000000,115.000000,246.791367, 60.000000, 28.000000, 44.000000, 41.000000, 34.000000, 35.000000, 46.000000,184.000000,214.152300
285.000000,115.000000,246.793579, 69.000000, 26.000000, 39.000000, 43.000000, 31.000000, 45.000000, 49.000000,174.000000,202.492900
285.000000,115.000000,246.795776, 63.000000, 25.000000, 39.000000, 46.000000, 38.000000, 48.000000, 45.000000,197.000000,284.877900
285.000000,115.000000,246.797989, 65.000000, 24.000000, 30.000000, 47.000000, 43.000000, 38.000000, 42.000000,207.000000,282.647900
285.000000,115.000000,246.800186, 62.000000, 24.000000, 34.000000, 46.000000, 41.000000, 44.000000, 44.000000,164.000000,168.417900
285.000000,115.000000,246.802460, 62.000000, 27.000000, 43.000000, 33.000000, 33.000000, 45.000000, 45.000000,180.000000,204.665400
285.000000,115.000000,246.804672, 94.000000, 28.000000, 41.000000, 57.000000, 49.000000, 48.000000, 48.000000,158.000000,242.175900
285.000000,115.000000,246.806870, 73.000000, 44.000000, 43.000000, 50.000000, 48.000000, 44.000000, 31.000000,194.000000,293.711900
285.000000,115.000000,246.809082, 63.000000, 30.000000, 46.000000, 48.000000, 42.000000, 34.000000, 52.000000,182.000000,257.462300
285.000000,115.000000,246.811356, 75.000000, 27.000000, 28.000000, 44.000000, 36.000000, 53.000000, 43.000000,171.000000,195.647900
285.000000,115.000000,246.813553, 63.000000, 31.000000, 38.000000, 60.000000, 56.000000, 63.000000, 36.000000,185.000000,326.107900
285.000000,115.000000,246.815765, 65.000000, 31.000000, 31.000000, 47.000000, 48.000000, 46.000000, 50.000000,191.000000,292.367900
285.000000,115.000000,246.817963, 60.000000, 19.000000, 45.000000, 47.000000, 36.000000, 33.000000, 35.000000,172.000000,155.127500
285.000000,115.000000,246.820175, 86.000000, 30.000000, 49.000000, 56.000000, 47.000000, 49.000000, 51.000000,176.000000,309.005900
285.000000,115.000000,246.822449, 78.000000, 26.000000, 34.000000, 57.000000, 40.000000, 47.000000, 36.000000,175.000000,215.995900
285.000000,115.000000,246.824646, 71.000000, 32.000000, 41.000000, 43.000000, 41.000000, 48.000000, 39.000000,179.000000,226.995900
285.000000,115.000000,246.826859, 90.000000, 31.000000, 39.000000, 55.000000, 45.000000, 53.000000, 58.000000,164.000000,283.715900
285.000000,115.000000,246.829056, 74.000000, 24.000000, 51.000000, 55.000000, 39.000000, 44.000000, 44.000000,180.000000,258.475900
285.000000,115.000000,246.831329, 57.000000, 20.000000, 36.000000, 44.000000, 36.000000, 56.000000, 41.000000,176.000000,210.253100
285.000000,115.000000,246.833542, 51.000000, 28.000000, 41.000000, 41.000000, 37.000000, 42.000000, 43.000000,181.000000,211.797900
285.000000,115.000000,246.835754, 73.000000, 21.000000, 54.000000, 42.000000, 37.000000, 47.000000, 48.000000,199.000000,307.795900
285.000000,115.000000,246.837952, 62.000000, 32.000000, 38.000000, 54.000000, 31.000000, 42.000000, 39.000000,159.000000,147.912900
285.000000,115.000000,246.840149, 76.000000, 29.000000, 30.000000, 44.000000, 35.000000, 36.000000, 37.000000,201.000000,237.590300
285.000000,115.000000,246.842438, 82.000000, 33.000000, 35.000000, 46.000000, 36.000000, 42.000000, 49.000000,182.000000,245.755900
285.000000,115.000000,246.844635, 78.000000, 26.000000, 36.000000, 39.000000, 66.000000, 44.000000, 47.000000,182.000000,284.035900
285.000000,115.000000,246.846832, 79.000000, 30.000000, 42.000000, 34.000000, 44.000000, 53.000000, 43.000000,197.000000,304.023400
285.000000,115.000000,246.849045, 63.000000, 28.000000, 40.000000, 52.000000, 52.000000, 45.000000, 39.000000,189.000000,281.707900
285.000000,115.000000,246.851318, 70.000000, 35.000000, 33.000000, 53.000000, 48.000000, 51.000000, 33.000000,164.000000,194.745900
285.000000,115.000000,246.853531, 63.000000, 31.000000, 42.000000, 43.000000, 42.000000, 36.000000, 51.000000,214.000000,340.692300
285.000000,115.000000,246.855728, 91.000000, 32.000000, 35.000000, 36.000000, 51.000000, 51.000000, 41.000000,173.000000,238.105900
285.000000,115.000000,246.857941, 66.000000, 22.000000, 36.000000, 44.000000, 50.000000, 44.000000, 31.000000,170.000000,173.543900
285.000000,115.000000,246.860138, 68.000000, 30.000000, 45.000000, 48.000000, 42.000000, 45.000000, 35.000000,191.000000,259.617900
285.000000,115.000000,246.862411, 64.000000, 36.000000, 43.000000, 44.000000, 37.000000, 36.000000, 44.000000,200.000000,277.942300
285.000000,115.000000,246.864624, 71.000000, 26.000000, 32.000000, 41.000000, 47.000000, 50.000000, 46.000000,200.000000,303.605900
285.000000,115.000000,246.869034, 62.000000, 29.000000, 41.000000, 66.000000, 43.000000, 51.000000, 50.000000,169.000000,270.907900
285.000000,115.000000,246.871307, 85.000000, 28.000000, 34.000000, 54.000000, 53.000000, 44.000000, 38.000000,205.000000,337.295900
285.000000,115.000000,246.873505, 43.000000, 34.000000, 35.000000, 39.000000, 52.000000, 39.000000, 38.000000,205.000000,291.867900
285.000000,115.000000,246.875717, 52.000000, 35.000000, 46.000000, 50.000000, 27.000000, 46.000000, 45.000000,195.000000,292.532900
285.000000,115.000000,246.877914, 68.000000, 31.000000, 35.000000, 36.000000, 48.000000, 55.000000, 48.000000,187.000000,282.197900
285.000000,115.000000,246.880188, 70.000000, 22.000000, 36.000000, 60.000000, 47.000000, 37.000000, 48.000000,193.000000,290.375900
285.000000,115.000000,246.882401, 73.000000, 28.000000, 42.000000, 38.000000, 42.000000, 48.000000, 33.000000,180.000000,206.325900
285.000000,115.000000,246.884598, 72.000000, 39.000000, 46.000000, 54.000000, 43.000000, 50.000000, 47.000000,194.000000,338.695900
285.000000,115.000000,246.886810, 60.000000, 31.000000, 48.000000, 51.000000, 38.000000, 53.000000, 41.000000,183.000000,271.557900
285.000000,115.000000,246.889008, 75.000000, 31.000000, 35.000000, 35.000000, 39.000000, 50.000000, 47.000000,202.000000,300.143400
285.000000,115.000000,246.891281, 61.000000, 41.000000, 45.000000, 53.000000, 43.000000, 56.000000, 41.000000,186.000000,309.017900
285.000000,115.000000,246.893494, 78.000000, 30.000000, 40.000000, 46.000000, 52.000000, 40.000000, 53.000000,186.000000,296.825900
285.000000,115.000000,246.895691, 76.000000, 30.000000, 34.000000, 62.000000, 43.000000, 54.000000, 40.000000,176.000000,263.555900
285.000000,115.000000,246.897903, 92.000000, 42.000000, 46.000000, 50.000000, 54.000000, 50.000000, 43.000000,199.000000,380.885900
285.000000,115.000000,246.900177, 89.000000, 35.000000, 32.000000, 44.000000, 53.000000, 53.000000, 48.000000,148.000000,198.935900
285.000000,115.000000,246.902374, 71.000000, 25.000000, 39.000000, 53.000000, 40.000000, 52.000000, 47.000000,204.000000,338.865900
285.000000,115.000000,246.904587, 86.000000, 29.000000, 37.000000, 46.000000, 53.000000, 51.000000, 45.000000,193.000000,326.965900
285.000000,115.000000,246.906784, 82.000000, 31.000000, 44.000000, 56.000000, 44.000000, 56.000000, 49.000000,179.000000,313.525900
285.000000,115.000000,246.908997, 69.000000, 27.000000, 60.000000, 51.000000, 49.000000, 41.000000, 38.000000,199.000000,320.747900
285.000000,115.000000,246.911270, 72.000000, 29.000000, 36.000000, 55.000000, 38.000000, 49.000000, 45.000000,200.000000,314.975900
285.000000,115.000000,246.913467, 68.000000, 33.000000, 50.000000, 57.000000, 53.000000, 61.000000, 42.000000,226.000000,472.527900
285.000000,115.000000,246.915680,101.000000, 36.000000, 42.000000, 47.000000, 43.000000, 50.000000, 59.000000,219.000000,451.905900
285.000000,115.000000,246.917877, 63.000000, 31.000000, 48.000000, 61.000000, 53.000000, 49.000000, 45.000000,217.000000,426.327900
285.000000,115.000000,246.920151, 78.000000, 27.000000, 43.000000, 49.000000, 35.000000, 55.000000, 45.000000,197.000000,316.135900
285.000000,115.000000,246.922363, 70.000000, 45.000000, 47.000000, 51.000000, 51.000000, 52.000000, 44.000000,194.000000,353.415900
285.000000,115.000000,246.924561, 80.000000, 34.000000, 52.000000, 55.000000, 36.000000, 44.000000, 42.000000,202.000000,333.975900
285.000000,115.000000,246.926773, 79.000000, 36.000000, 43.000000, 53.000000, 60.000000, 39.000000, 57.000000,174.000000,308.685900
285.000000,115.000000,246.928970, 88.000000, 36.000000, 44.000000, 60.000000, 39.000000, 59.000000, 48.000000,192.000000,366.235900
285.000000,115.000000,246.931244, 76.000000, 35.000000, 42.000000, 49.000000, 35.000000, 47.000000, 43.000000,204.000000,320.265900
285.000000,115.000000,246.933456, 72.000000, 42.000000, 43.000000, 48.000000, 61.000000, 53.000000, 32.000000,215.000000,399.581900
285.000000,115.000000,246.935654, 67.000000, 35.000000, 51.000000, 57.000000, 48.000000, 45.000000, 59.000000,208.000000,417.367900
285.000000,115.000000,246.937866, 71.000000, 32.000000, 48.000000, 61.000000, 46.000000, 56.000000, 50.000000,227.000000,474.855900
285.000000,115.000000,246.940140, 69.000000, 29.000000, 51.000000, 54.000000, 41.000000, 48.000000, 56.000000,194.000000,346.447900
285.000000,115.000000,246.942337, 75.000000, 47.000000, 48.000000, 60.000000, 53.000000, 72.000000, 56.000000,208.000000,502.575900
285.000000,115.000000,246.944550, 76.000000, 40.000000, 36.000000, 55.000000, 43.000000, 54.000000, 57.000000,205.000000,400.105900
285.000000,115.000000,246.946747, 76.000000, 29.000000, 57.000000, 50.000000, 58.000000, 65.000000, 44.000000,194.000000,397.195900
285.000000,115.000000,246.948959, 79.000000, 38.000000, 57.000000, 51.000000, 51.000000, 53.000000, 41.000000,197.000000,371.575900
285.000000,115.000000,246.951233, 79.000000, 38.000000, 43.000000, 51.000000, 49.000000, 53.000000, 52.000000,221.000000,450.175900
285.000000,115.000000,246.953445, 80.000000, 38.000000, 49.000000, 50.000000, 46.000000, 46.000000, 41.000000,241.000000,469.035900
285.000000,115.000000,246.955643, 73.000000, 39.000000, 40.000000, 54.000000, 43.000000, 45.000000, 52.000000,221.000000,415.995900
285.000000,115.000000,246.957840, 77.000000, 47.000000, 48.000000, 55.000000, 42.000000, 50.000000, 54.000000,240.000000,516.035900
285.000000,115.000000,246.960129, 57.000000, 44.000000, 54.000000, 53.000000, 58.000000, 62.000000, 42.000000,190.000000,385.277900
285.000000,115.000000,246.962326, 75.000000, 34.000000, 42.000000, 59.000000, 61.000000, 56.000000, 54.000000,200.000000,426.065900
285.000000,115.000000,246.964523, 81.000000, 42.000000, 44.000000, 58.000000, 42.000000, 57.000000, 39.000000,251.000000,524.525900
285.000000,115.000000,246.966736, 97.000000, 34.000000, 61.000000, 66.000000, 43.000000, 54.000000, 48.000000,236.000000,540.125900
285.000000,115.000000,246.968948, 72.000000, 40.000000, 55.000000, 68.000000, 51.000000, 67.000000, 52.000000,232.000000,564.065900
285.000000,115.000000,246.971222,101.000000, 32.000000, 59.000000, 59.000000, 50.000000, 58.000000, 54.000000,205.000000,469.345900
285.000000,115.000000,246.973419, 72.000000, 44.000000, 42.000000, 58.000000, 57.000000, 61.000000, 42.000000,227.000000,489.315900
285.000000,115.000000,246.975632, 74.000000, 35.000000, 48.000000, 58.000000, 58.000000, 53.000000, 45.000000,250.000000,551.785900
285.000000,115.000000,246.977829, 61.000000, 35.000000, 56.000000, 49.000000, 53.000000, 55.000000, 43.000000,192.000000,352.867900
285.000000,115.000000,247.000092,136.000000, 49.000000, 49.000000, 44.000000, 52.000000, 60.000000, 42.000000,226.000000,522.795900
285.000000,115.000000,247.002289, 71.000000, 29.000000, 46.000000, 49.000000, 47.000000, 46.000000, 56.000000,228.000000,444.965900
285.000000,115.000000,247.004501, 73.000000, 43.000000, 52.000000, 58.000000, 57.000000, 47.000000, 55.000000,189.000000,387.055900
285.000000,115.000000,247.006699, 64.000000, 45.000000, 53.000000, 51.000000, 52.000000, 53.000000, 57.000000,242.000000,548.527900
285.000000,115.000000,247.008911, 78.000000, 41.000000, 37.000000, 40.000000, 58.000000, 60.000000, 56.000000,206.000000,423.455900
285.000000,115.000000,247.011185,107.000000, 50.000000, 39.000000, 58.000000, 61.000000, 57.000000, 59.000000,193.000000,461.265900
285.000000,115.000000,247.013382, 90.000000, 40.000000, 39.000000, 46.000000, 42.000000, 60.000000, 61.000000,216.000000,457.675900
285.000000,115.000000,247.015594, 77.000000, 28.000000, 60.000000, 47.000000, 67.000000, 54.000000, 55.000000,213.000000,476.445900
285.000000,115.000000,247.017792, 77.000000, 40.000000, 49.000000, 51.000000, 54.000000, 58.000000, 51.000000,227.000000,497.285900
285.000000,115.000000,247.020065, 79.000000, 38.000000, 44.000000, 49.000000, 57.000000, 51.000000, 56.000000,199.000000,402.085900
285.000000,115.000000,247.022278, 56.000000, 44.000000, 46.000000, 54.000000, 63.000000, 48.000000, 45.000000,199.000000,388.897900
285.000000,115.000000,247.024475, 76.000000, 48.000000, 51.000000, 52.000000, 57.000000, 61.000000, 63.000000,190.000000,440.085900
285.000000,115.000000,247.026688, 70.000000, 42.000000, 57.000000, 47.000000, 52.000000, 57.000000, 40.000000,222.000000,447.425900
285.000000,115.000000,247.028961, 82.000000, 36.000000, 40.000000, 57.000000, 60.000000, 61.000000, 45.000000,192.000000,389.675900
285.000000,115.000000,247.031158, 82.000000, 34.000000, 38.000000, 49.000000, 49.000000, 60.000000, 48.000000,204.000000,390.545900
285.000000,115.000000,247.035568, 71.000000, 44.000000, 40.000000, 55.000000, 53.000000, 58.000000, 43.000000,230.000000,477.005900
285.000000,115.000000,247.037781, 71.000000, 29.000000, 40.000000, 68.000000, 48.000000, 59.000000, 56.000000,215.000000,461.425900
285.000000,115.000000,247.040054, 83.000000, 50.000000, 53.000000, 57.000000, 50.000000, 54.000000, 39.000000,226.000000,479.005900
285.000000,115.000000,247.042252, 80.000000, 34.000000, 51.000000, 65.000000, 40.000000, 40.000000, 51.000000,212.000000,403.345900
285.000000,115.000000,247.044464, 89.000000, 33.000000, 48.000000, 53.000000, 46.000000, 58.000000, 51.000000,205.000000,417.275900
285.000000,115.000000,247.046661, 66.000000, 27.000000, 56.000000, 57.000000, 50.000000, 53.000000, 42.000000,222.000000,437.037900
285.000000,115.000000,247.048935, 72.000000, 35.000000, 46.000000, 47.000000, 57.000000, 63.000000, 40.000000,195.000000,365.485900
285.000000,115.000000,247.051147, 62.000000, 34.000000, 33.000000, 48.000000, 31.000000, 54.000000, 49.000000,205.000000,328.962900
285.000000,115.000000,247.053345, 76.000000, 39.000000, 50.000000, 46.000000, 39.000000, 57.000000, 48.000000,208.000000,388.135900
285.000000,115.000000,247.055557, 80.000000, 29.000000, 47.000000, 49.000000, 40.000000, 55.000000, 54.000000,218.000000,424.845900
285.000000,115.000000,247.057755, 77.000000, 27.000000, 45.000000, 44.000000, 59.000000, 39.000000, 46.000000,188.000000,296.165900
285.000000,115.000000,247.060028, 80.000000, 31.000000, 45.000000, 59.000000, 36.000000, 53.000000, 41.000000,207.000000,361.065900
285.000000,115.000000,247.062241, 80.000000, 37.000000, 51.000000, 63.000000, 51.000000, 52.000000, 57.000000,219.000000,491.075900
285.000000,115.000000,247.064438, 81.000000, 26.000000, 42.000000, 41.000000, 39.000000, 51.000000, 48.000000,203.000000,327.525900
285.000000,115.000000,247.066650, 82.000000, 33.000000, 41.000000, 52.000000, 33.000000, 56.000000, 47.000000,200.000000,341.885900
285.000000,115.000000,247.068924, 66.000000, 35.000000, 33.000000, 53.000000, 51.000000, 49.000000, 47.000000,200.000000,343.697900
285.000000,115.000000,247.071121, 72.000000, 33.000000, 38.000000, 49.000000, 53.000000, 58.000000, 37.000000,204.000000,355.325900
285.000000,115.000000,247.073334, 61.000000, 30.000000, 38.000000, 58.000000, 40.000000, 38.000000, 44.000000,178.000000,229.727900
285.000000,115.000000,247.075546, 75.000000, 43.000000, 36.000000, 57.000000, 33.000000, 70.000000, 48.000000,185.000000,337.465900
285.000000,115.000000,247.077728, 70.000000, 34.000000, 39.000000, 47.000000, 41.000000, 53.000000, 40.000000,194.000000,293.255900
285.000000,115.000000,247.080017, 91.000000, 31.000000, 36.000000, 41.000000, 51.000000, 53.000000, 48.000000,180.000000,291.665900
285.000000,115.000000,247.082230, 65.000000, 34.000000, 34.000000, 47.000000, 42.000000, 47.000000, 59.000000,211.000000,375.677900
285.000000,115.000000,247.084427, 83.000000, 36.000000, 42.000000, 43.000000, 39.000000, 40.000000, 55.000000,198.000000,321.805900
285.000000,115.000000,247.086609, 70.000000, 34.000000, 36.000000, 68.000000, 43.000000, 48.000000, 50.000000,190.000000,331.755900
285.000000,115.000000,247.088913, 78.000000, 27.000000, 41.000000, 39.000000, 48.000000, 50.000000, 46.000000,203.000000,331.985900
285.000000,115.000000,247.091110, 64.000000, 31.000000, 40.000000, 41.000000, 35.000000, 65.000000, 51.000000,188.000000,305.647900
285.000000,115.000000,247.093323, 78.000000, 32.000000, 49.000000, 43.000000, 52.000000, 63.000000, 48.000000,222.000000,458.945900
285.000000,115.000000,247.095505, 71.000000, 36.000000, 46.000000, 58.000000, 49.000000, 51.000000, 41.000000,183.000000,306.175900
285.000000,115.000000,247.097702, 65.000000, 25.000000, 37.000000, 44.000000, 58.000000, 53.000000, 47.000000,189.000000,311.477900
285.000000,115.000000,247.100006, 65.000000, 27.000000, 37.000000, 51.000000, 45.000000, 57.000000, 38.000000,174.000000,238.817900
285.000000,115.000000,247.102203, 65.000000, 32.000000, 39.000000, 49.000000, 55.000000, 56.000000, 45.000000,209.000000,388.997900
285.000000,115.000000,247.104385, 65.000000, 30.000000, 39.000000, 52.000000, 38.000000, 63.000000, 49.000000,194.000000,337.177900
285.000000,115.000000,247.106598, 76.000000, 34.000000, 36.000000, 48.000000, 48.000000, 42.000000, 38.000000,211.000000,332.385900
285.000000,115.000000,247.108887, 63.000000, 29.000000, 43.000000, 46.000000, 49.000000, 49.000000, 44.000000,232.000000,426.167900
285.000000,115.000000,247.111099, 70.000000, 22.000000, 38.000000, 42.000000, 55.000000, 50.000000, 43.000000,220.000000,379.035900
285.000000,115.000000,247.113281, 66.000000, 38.000000, 49.000000, 53.000000, 48.000000, 58.000000, 48.000000,203.000000,397.067900
285.000000,115.000000,247.115479, 85.000000, 35.000000, 41.000000, 50.000000, 47.000000, 58.000000, 34.000000,208.000000,367.785900
285.000000,115.000000,247.117691, 79.000000, 33.000000, 39.000000, 44.000000, 46.000000, 49.000000, 37.000000,210.000000,337.695900
285.000000,115.000000,247.119980, 83.000000, 28.000000, 46.000000, 55.000000, 43.000000, 59.000000, 34.000000,200.000000,343.045900
285.000000,115.000000,247.122162, 63.000000, 42.000000, 43.000000, 53.000000, 37.000000, 60.000000, 56.000000,174.000000,306.077900
285.000000,115.000000,247.124374, 87.000000, 24.000000, 40.000000, 54.000000, 40.000000, 42.000000, 57.000000,184.000000,296.085900
285.000000,115.000000,247.126587, 68.000000, 27.000000, 47.000000, 47.000000, 52.000000, 44.000000, 47.000000,202.000000,340.707900
285.000000,115.000000,247.128876, 81.000000, 38.000000, 43.000000, 55.000000, 49.000000, 51.000000, 44.000000,173.000000,284.735900
285.000000,115.000000,247.131058, 67.000000, 34.000000, 40.000000, 47.000000, 55.000000, 67.000000, 50.000000,205.000000,415.427900
285.000000,115.000000,247.133270, 69.000000, 33.000000, 53.000000, 50.000000, 43.000000, 63.000000, 60.000000,177.000000,343.667900
285.000000,115.000000,247.135468, 87.000000, 38.000000, 36.000000, 43.000000, 44.000000, 45.000000, 42.000000,169.000000,217.215900
285.000000,115.000000,247.137665, 72.000000, 26.000000, 42.000000, 60.000000, 44.000000, 45.000000, 60.000000,200.000000,370.905900
285.000000,115.000000,247.139954, 90.000000, 38.000000, 56.000000, 59.000000, 45.000000, 69.000000, 51.000000,198.000000,447.945900
285.000000,115.000000,247.142151, 74.000000, 31.000000, 58.000000, 54.000000, 47.000000, 59.000000, 45.000000,205.000000,406.435900
285.000000,115.000000,247.144363, 65.000000, 45.000000, 42.000000, 51.000000, 49.000000, 55.000000, 45.000000,221.000000,434.767900
285.000000,115.000000,247.146561, 74.000000, 38.000000, 40.000000, 51.000000, 45.000000, 48.000000, 46.000000,177.000000,269.525900
285.000000,115.000000,247.148834, 64.000000, 27.000000, 47.000000, 55.000000, 64.000000, 58.000000, 44.000000,181.000000,338.887900
285.000000,115.000000,247.151047, 70.000000, 36.000000, 49.000000, 46.000000, 51.000000, 57.000000, 44.000000,195.000000,351.645900
285.000000,115.000000,247.153244, 62.000000, 30.000000, 52.000000, 55.000000, 62.000000, 41.000000, 43.000000,195.000000,346.937900
285.000000,115.000000,247.155457, 71.000000, 35.000000, 35.000000, 60.000000, 47.000000, 58.000000, 42.000000,191.000000,332.085900
285.000000,115.000000,247.157654, 92.000000, 38.000000, 45.000000, 50.000000, 44.000000, 60.000000, 41.000000,205.000000,390.815900
285.000000,115.000000,247.159927, 65.000000, 31.000000, 43.000000, 48.000000, 37.000000, 54.000000, 44.000000,194.000000,301.227900
285.000000,115.000000,247.162140, 56.000000, 35.000000, 43.000000, 45.000000, 42.000000, 55.000000, 48.000000,202.000000,348.467900
285.000000,115.000000,247.164337, 68.000000, 32.000000, 50.000000, 50.000000, 50.000000, 65.000000, 42.000000,187.000000,341.327900
285.000000,115.000000,247.166550, 61.000000, 34.000000, 35.000000, 44.000000, 40.000000, 46.000000, 50.000000,204.000000,320.357900
285.000000,115.000000,247.168823, 71.000000, 33.000000, 34.000000, 45.000000, 43.000000, 51.000000, 41.000000,208.000000,327.685900
285.000000,115.000000,247.171021, 75.000000, 35.000000, 46.000000, 51.000000, 43.000000, 51.000000, 41.000000,181.000000,277.845900
285.000000,115.000000,247.173233, 64.000000, 21.000000, 38.000000, 51.000000, 54.000000, 46.000000, 44.000000,196.000000,309.917900
285.000000,115.000000,247.175430, 62.000000, 36.000000, 53.000000, 47.000000, 49.000000, 44.000000, 35.000000,202.000000,322.677900
285.000000,115.000000,247.177704, 96.000000, 28.000000, 44.000000, 46.000000, 50.000000, 42.000000, 51.000000,184.000000,305.605900
285.000000,115.000000,247.179916, 65.000000, 20.000000, 44.000000, 39.000000, 51.000000, 51.000000, 49.000000,183.000000,274.753100
285.000000,115.000000,247.182114, 93.000000, 34.000000, 45.000000, 56.000000, 58.000000, 31.000000, 52.000000,221.000000,449.690300
285.000000,115.000000,247.184326, 68.000000, 40.000000, 39.000000, 48.000000, 41.000000, 52.000000, 45.000000,169.000000,234.707900
285.000000,115.000000,247.186523, 66.000000, 28.000000, 35.000000, 50.000000, 33.000000, 45.000000, 44.000000,182.000000,223.307900
285.000000,115.000000,247.188797, 62.000000, 27.000000, 40.000000, 39.000000, 47.000000, 35.000000, 41.000000,190.000000,235.922300
285.000000,115.000000,247.191010, 78.000000, 36.000000, 35.000000, 51.000000, 55.000000, 52.000000, 39.000000,206.000000,364.995900
285.000000,115.000000,247.193207, 75.000000, 33.000000, 51.000000, 58.000000, 54.000000, 41.000000, 51.000000,188.000000,342.035900
285.000000,115.000000,247.195419, 70.000000, 30.000000, 42.000000, 45.000000, 54.000000, 40.000000, 34.000000,189.000000,254.775900
285.000000,115.000000,247.197693, 66.000000, 24.000000, 32.000000, 50.000000, 47.000000, 55.000000, 50.000000,182.000000,281.737900
285.000000,115.000000,247.199890, 77.000000, 31.000000, 54.000000, 49.000000, 50.000000, 48.000000, 38.000000,184.000000,291.915900
285.000000,115.000000,247.202103, 78.000000, 38.000000, 31.000000, 50.000000, 54.000000, 43.000000, 30.000000,181.000000,243.411900
285.000000,115.000000,247.204300, 68.000000, 35.000000, 35.000000, 56.000000, 39.000000, 55.000000, 40.000000,217.000000,375.667900
285.000000,115.000000,247.206512, 82.000000, 29.000000, 47.000000, 64.000000, 41.000000, 47.000000, 42.000000,182.000000,293.585900
285.000000,115.000000,247.208786, 71.000000, 31.000000, 43.000000, 42.000000, 42.000000, 53.000000, 46.000000,208.000000,348.715900
285.000000,115.000000,247.210983, 75.000000, 25.000000, 49.000000, 51.000000, 39.000000, 41.000000, 55.000000,172.000000,247.495900
285.000000,115.000000,247.213196, 54.000000, 21.000000, 43.000000, 46.000000, 45.000000, 57.000000, 44.000000,186.000000,284.487900
285.000000,115.000000,247.215393, 63.000000, 22.000000, 36.000000, 36.000000, 31.000000, 53.000000, 39.000000,181.000000,195.432900
285.000000,115.000000,247.217667, 79.000000, 26.000000, 47.000000, 45.000000, 45.000000, 45.000000, 38.000000,203.000000,312.355900
285.000000,115.000000,247.219879, 61.000000, 26.000000, 42.000000, 60.000000, 36.000000, 49.000000, 49.000000,192.000000,308.027900
285.000000,115.000000,247.222076, 75.000000, 31.000000, 34.000000, 27.000000, 45.000000, 48.000000, 40.000000,175.000000,204.453400
285.000000,115.000000,247.224289, 68.000000, 36.000000, 44.000000, 40.000000, 48.000000, 43.000000, 49.000000,194.000000,304.607900
285.000000,115.000000,247.226501, 76.000000, 30.000000, 43.000000, 52.000000, 45.000000, 51.000000, 37.000000,183.000000,270.145900
285.000000,115.000000,247.228760, 81.000000, 25.000000, 43.000000, 50.000000, 42.000000, 65.000000, 30.000000,168.000000,234.311900
285.000000,115.000000,247.230972, 57.000000, 32.000000, 41.000000, 42.000000, 48.000000, 43.000000, 37.000000,177.000000,215.137900
285.000000,115.000000,247.233185, 94.000000, 35.000000, 41.000000, 56.000000, 57.000000, 51.000000, 38.000000,179.000000,311.145900
285.000000,115.000000,247.235382, 72.000000, 24.000000, 38.000000, 46.000000, 32.000000, 42.000000, 47.000000,148.000000,113.530900
285.000000,115.000000,247.237656, 77.000000, 29.000000, 38.000000, 41.000000, 53.000000, 48.000000, 43.000000,192.000000,296.305900
285.000000,115.000000,247.239868, 57.000000, 28.000000, 37.000000, 50.000000, 45.000000, 48.000000, 41.000000,194.000000,287.167900
285.000000,115.000000,247.242065, 70.000000, 19.000000, 52.000000, 61.000000, 41.000000, 51.000000, 59.000000,205.000000,399.111100
285.000000,115.000000,247.244278, 61.000000, 22.000000, 34.000000, 55.000000, 44.000000, 56.000000, 41.000000,180.000000,257.597900
285.000000,115.000000,247.266464,138.000000, 43.000000, 50.000000, 45.000000, 46.000000, 61.000000, 40.000000,180.000000,362.935900
285.000000,115.000000,247.268738, 62.000000, 30.000000, 49.000000, 52.000000, 53.000000, 43.000000, 51.000000,184.000000,310.227900
285.000000,115.000000,247.270935, 64.000000, 22.000000, 39.000000, 37.000000, 43.000000, 44.000000, 44.000000,186.000000,229.857900
285.000000,115.000000,247.273148, 69.000000, 38.000000, 27.000000, 64.000000, 37.000000, 36.000000, 47.000000,193.000000,280.754300
285.000000,115.000000,247.275345, 68.000000, 23.000000, 33.000000, 51.000000, 32.000000, 51.000000, 47.000000,212.000000,330.772900
285.000000,115.000000,247.277618, 71.000000, 23.000000, 44.000000, 39.000000, 42.000000, 60.000000, 53.000000,171.000000,255.215900
285.000000,115.000000,247.279831, 94.000000, 28.000000, 37.000000, 45.000000, 45.000000, 50.000000, 44.000000,192.000000,306.815900
285.000000,115.000000,247.282028, 91.000000, 34.000000, 35.000000, 34.000000, 60.000000, 38.000000, 46.000000,165.000000,215.993400
285.000000,115.000000,247.284241, 76.000000, 24.000000, 39.000000, 51.000000, 40.000000, 46.000000, 51.000000,203.000000,332.065900
285.000000,115.000000,247.286438, 60.000000, 33.000000, 28.000000, 44.000000, 45.000000, 52.000000, 49.000000,180.000000,257.299900
285.000000,115.000000,247.288712, 75.000000, 40.000000, 36.000000, 45.000000, 32.000000, 56.000000, 40.000000,211.000000,340.040900
285.000000,115.000000,247.290924, 80.000000, 24.000000, 42.000000, 60.000000, 35.000000, 46.000000, 33.000000,191.000000,261.515900
285.000000,115.000000,247.293121, 65.000000, 31.000000, 45.000000, 43.000000, 48.000000, 42.000000, 42.000000,181.000000,244.587900
285.000000,115.000000,247.295334, 66.000000, 37.000000, 50.000000, 54.000000, 43.000000, 55.000000, 46.000000,193.000000,345.677900
285.000000,115.000000,247.297607, 75.000000, 23.000000, 37.000000, 50.000000, 56.000000, 59.000000, 40.000000,197.000000,341.095900
285.000000,115.000000,247.299805, 79.000000, 36.000000, 52.000000, 53.000000, 36.000000, 58.000000, 44.000000,169.000000,267.315900
285.000000,115.000000,247.302017, 87.000000, 22.000000, 44.000000, 57.000000, 41.000000, 39.000000, 51.000000,181.000000,274.965900
285.000000,115.000000,247.304214, 65.000000, 33.000000, 40.000000, 45.000000, 50.000000, 37.000000, 47.000000,200.000000,307.597900
285.000000,115.000000,247.306427, 61.000000, 37.000000, 46.000000, 55.000000, 42.000000, 44.000000, 36.000000,217.000000,362.457900
285.000000,115.000000,247.308701, 84.000000, 30.000000, 40.000000, 49.000000, 38.000000, 45.000000, 51.000000,184.000000,278.975900
285.000000,115.000000,247.310898, 58.000000, 33.000000, 40.000000, 45.000000, 51.000000, 54.000000, 56.000000,185.000000,325.987900
285.000000,115.000000,247.313110, 68.000000, 37.000000, 43.000000, 57.000000, 42.000000, 47.000000, 46.000000,188.000000,304.667900
285.000000,115.000000,247.315308, 73.000000, 26.000000, 40.000000, 74.000000, 37.000000, 61.000000, 50.000000,177.000000,318.875900
285.000000,115.000000,247.317581, 66.000000, 34.000000, 59.000000, 55.000000, 37.000000, 58.000000, 54.000000,186.000000,350.697900
285.000000,115.000000,247.319794, 65.000000, 26.000000, 41.000000, 64.000000, 38.000000, 54.000000, 47.000000,205.000000,364.377900
285.000000,115.000000,247.321991, 78.000000, 33.000000, 42.000000, 55.000000, 46.000000, 55.000000, 47.000000,211.000000,403.415900
285.000000,115.000000,247.324203, 69.000000, 33.000000, 41.000000, 41.000000, 55.000000, 49.000000, 30.000000,186.000000,259.973900
285.000000,115.000000,247.326477, 54.000000, 25.000000, 35.000000, 46.000000, 40.000000, 46.000000, 42.000000,184.000000,230.437900
285.000000,115.000000,247.328674, 58.000000, 26.000000, 48.000000, 51.000000, 31.000000, 53.000000, 35.000000,201.000000,295.402900
285.000000,115.000000,247.330887, 55.000000, 31.000000, 44.000000, 49.000000, 50.000000, 55.000000, 51.000000,207.000000,391.897900
285.000000,115.000000,247.333084, 68.000000, 43.000000, 48.000000, 47.000000, 53.000000, 44.000000, 39.000000,193.000000,314.387900
285.000000,115.000000,247.335297, 82.000000, 31.000000, 51.000000, 62.000000, 39.000000, 52.000000, 42.000000,194.000000,342.945900
285.000000,115.000000,247.337570, 75.000000, 23.000000, 49.000000, 49.000000, 48.000000, 48.000000, 53.000000,159.000000,230.825900
285.000000,115.000000,247.339767, 70.000000, 41.000000, 39.000000, 49.000000, 53.000000, 45.000000, 30.000000,192.000000,286.291900
285.000000,115.000000,247.341980, 83.000000, 25.000000, 45.000000, 60.000000, 39.000000, 42.000000, 40.000000,177.000000,243.465900
285.000000,115.000000,247.344177, 81.000000, 34.000000, 45.000000, 46.000000, 47.000000, 32.000000, 42.000000,165.000000,199.240300
285.000000,115.000000,247.346451, 80.000000, 32.000000, 47.000000, 53.000000, 47.000000, 57.000000, 52.000000,191.000000,365.475900
285.000000,115.000000,247.348663, 66.000000, 47.000000, 52.000000, 42.000000, 40.000000, 44.000000, 37.000000,219.000000,364.907900
285.000000,115.000000,247.350861, 79.000000, 34.000000, 37.000000, 51.000000, 46.000000, 54.000000, 54.000000,181.000000,314.125900
285.000000,115.000000,247.353073, 77.000000, 29.000000, 42.000000, 48.000000, 51.000000, 39.000000, 49.000000,200.000000,329.775900
285.000000,115.000000,247.355270, 62.000000, 32.000000, 43.000000, 49.000000, 46.000000, 57.000000, 49.000000,212.000000,398.367900
285.000000,115.000000,247.357559, 47.000000, 33.000000, 47.000000, 51.000000, 47.000000, 65.000000, 51.000000,194.000000,378.857900
285.000000,115.000000,247.359756, 77.000000, 28.000000, 39.000000, 45.000000, 45.000000, 55.000000, 46.000000,212.000000,373.215900
285.000000,115.000000,247.361954, 78.000000, 30.000000, 51.000000, 40.000000, 44.000000, 48.000000, 43.000000,193.000000,300.135900
285.000000,115.000000,247.364166, 85.000000, 34.000000, 56.000000, 30.000000, 52.000000, 58.000000, 46.000000,193.000000,357.843400
285.000000,115.000000,247.366440, 71.000000, 40.000000, 54.000000, 56.000000, 42.000000, 59.000000, 60.000000,202.000000,431.505900
285.000000,115.000000,247.368637, 80.000000, 31.000000, 34.000000, 60.000000, 47.000000, 43.000000, 47.000000,197.000000,330.815900
285.000000,115.000000,247.370850, 77.000000, 40.000000, 44.000000, 49.000000, 51.000000, 59.000000, 51.000000,207.000000,420.705900
285.000000,115.000000,247.373062, 75.000000, 29.000000, 40.000000, 55.000000, 42.000000, 43.000000, 41.000000,210.000000,338.355900
285.000000,115.000000,247.375259, 79.000000, 34.000000, 44.000000, 61.000000, 46.000000, 46.000000, 47.000000,210.000000,394.915900
285.000000,115.000000,247.377533, 74.000000, 27.000000, 41.000000, 60.000000, 43.000000, 51.000000, 46.000000,176.000000,273.505900
285.000000,115.000000,247.379745, 75.000000, 33.000000, 43.000000, 50.000000, 51.000000, 45.000000, 41.000000,198.000000,324.565900
285.000000,115.000000,247.381943, 86.000000, 25.000000, 43.000000, 51.000000, 50.000000, 55.000000, 33.000000,219.000000,392.225900
285.000000,115.000000,247.384155, 78.000000, 32.000000, 50.000000, 45.000000, 35.000000, 46.000000, 52.000000,184.000000,282.205900
285.000000,115.000000,247.386429, 75.000000, 30.000000, 36.000000, 61.000000, 44.000000, 46.000000, 53.000000,211.000000,389.595900
285.000000,115.000000,247.388626, 62.000000, 39.000000, 40.000000, 62.000000, 40.000000, 64.000000, 46.000000,202.000000,390.167900
285.000000,115.000000,247.395248, 85.000000, 34.000000, 42.000000, 62.000000, 43.000000, 56.000000, 52.000000,187.000000,357.915900
285.000000,115.000000,247.397522, 69.000000, 31.000000, 45.000000, 53.000000, 49.000000, 53.000000, 48.000000,179.000000,299.057900
285.000000,115.000000,247.399719, 62.000000, 32.000000, 34.000000, 49.000000, 57.000000, 43.000000, 49.000000,221.000000,403.287900
285.000000,115.000000,247.401932, 81.000000, 45.000000, 44.000000, 53.000000, 51.000000, 47.000000, 43.000000,210.000000,397.865900
285.000000,115.000000,247.404129, 93.000000, 29.000000, 38.000000, 46.000000, 50.000000, 51.000000, 41.000000,209.000000,367.765900
285.000000,115.000000,247.406403, 80.000000, 39.000000, 41.000000, 40.000000, 41.000000, 45.000000, 45.000000,202.000000,318.045900
285.000000,115.000000,247.408615, 71.000000, 26.000000, 47.000000, 54.000000, 46.000000, 43.000000, 59.000000,192.000000,338.815900
285.000000,115.000000,247.410812, 67.000000, 23.000000, 41.000000, 37.000000, 35.000000, 62.000000, 51.000000,200.000000,320.897900
285.000000,115.000000,247.413025, 72.000000, 31.000000, 37.000000, 49.000000, 35.000000, 53.000000, 57.000000,188.000000,305.415900
285.000000,115.000000,247.415222, 68.000000, 38.000000, 46.000000, 50.000000, 39.000000, 40.000000, 63.000000,204.000000,369.357900
285.000000,115.000000,247.417496, 75.000000, 26.000000, 51.000000, 57.000000, 53.000000, 56.000000, 45.000000,182.000000,330.575900
285.000000,115.000000,247.419708, 94.000000, 30.000000, 38.000000, 49.000000, 50.000000, 56.000000, 40.000000,204.000000,368.595900
285.000000,115.000000,247.421906, 86.000000, 24.000000, 41.000000, 44.000000, 55.000000, 40.000000, 53.000000,195.000000,328.945900
285.000000,115.000000,247.424118, 79.000000, 30.000000, 49.000000, 66.000000, 37.000000, 41.000000, 51.000000,194.000000,336.945900
285.000000,115.000000,247.426392, 66.000000, 37.000000, 53.000000, 68.000000, 48.000000, 43.000000, 54.000000,163.000000,284.737900
285.000000,115.000000,247.428589, 80.000000, 35.000000, 37.000000, 54.000000, 35.000000, 46.000000, 45.000000,194.000000,297.245900
285.000000,115.000000,247.430801, 83.000000, 32.000000, 49.000000, 51.000000, 44.000000, 56.000000, 45.000000,204.000000,381.205900
285.000000,115.000000,247.432999, 62.000000, 38.000000, 50.000000, 50.000000, 58.000000, 48.000000, 58.000000,209.000000,435.167900
285.000000,115.000000,247.435211, 72.000000, 40.000000, 56.000000, 41.000000, 46.000000, 50.000000, 57.000000,217.000000,435.075900
285.000000,115.000000,247.437485, 73.000000, 31.000000, 48.000000, 55.000000, 50.000000, 63.000000, 49.000000,196.000000,390.715900
285.000000,115.000000,247.439682, 73.000000, 34.000000, 43.000000, 48.000000, 43.000000, 51.000000, 54.000000,218.000000,413.765900
285.000000,115.000000,247.441895, 72.000000, 33.000000, 46.000000, 40.000000, 35.000000, 50.000000, 64.000000,203.000000,362.815900
285.000000,115.000000,247.444092, 67.000000, 45.000000, 40.000000, 41.000000, 50.000000, 50.000000, 36.000000,175.000000,238.817900
285.000000,115.000000,247.446365, 55.000000, 34.000000, 39.000000, 50.000000, 39.000000, 37.000000, 42.000000,177.000000,209.227900
285.000000,115.000000,247.448578, 68.000000, 34.000000, 48.000000, 50.000000, 48.000000, 49.000000, 50.000000,197.000000,351.367900
285.000000,115.000000,247.450775, 69.000000, 22.000000, 41.000000, 39.000000, 56.000000, 49.000000, 36.000000,181.000000,238.207900
285.000000,115.000000,247.452988, 85.000000, 35.000000, 49.000000, 56.000000, 54.000000, 41.000000, 45.000000,170.000000,275.595900
285.000000,115.000000,247.455185, 93.000000, 31.000000, 50.000000, 48.000000, 47.000000, 49.000000, 55.000000,190.000000,357.735900
285.000000,115.000000,247.457474, 68.000000, 21.000000, 37.000000, 42.000000, 49.000000, 38.000000, 42.000000,175.000000,193.607900
285.000000,115.000000,247.459671, 60.000000, 30.000000, 33.000000, 64.000000, 51.000000, 46.000000, 37.000000,164.000000,212.487900
285.000000,115.000000,247.461868, 77.000000, 45.000000, 32.000000, 39.000000, 45.000000, 52.000000, 41.000000,179.000000,250.365900
285.000000,115.000000,247.464081, 85.000000, 31.000000, 48.000000, 45.000000, 32.000000, 65.000000, 44.000000,179.000000,287.900900
285.000000,115.000000,247.466354, 84.000000, 28.000000, 37.000000, 40.000000, 39.000000, 50.000000, 42.000000,191.000000,268.465900
285.000000,115.000000,247.468552, 65.000000, 33.000000, 33.000000, 59.000000, 44.000000, 52.000000, 44.000000,211.000000,370.747900
285.000000,115.000000,247.470764, 74.000000, 29.000000, 32.000000, 36.000000, 48.000000, 49.000000, 26.000000,213.000000,306.961900
285.000000,115.000000,247.472977, 83.000000, 24.000000, 44.000000, 60.000000, 36.000000, 33.000000, 44.000000,202.000000,309.640300
285.000000,115.000000,247.475250, 93.000000, 30.000000, 40.000000, 75.000000, 51.000000, 60.000000, 48.000000,183.000000,383.125900
285.000000,115.000000,247.477448, 82.000000, 24.000000, 57.000000, 39.000000, 38.000000, 59.000000, 50.000000,179.000000,291.625900
285.000000,115.000000,247.479660, 67.000000, 36.000000, 51.000000, 50.000000, 47.000000, 50.000000, 52.000000,170.000000,279.847900
285.000000,115.000000,247.481857, 76.000000, 36.000000, 43.000000, 45.000000, 43.000000, 49.000000, 42.000000,189.000000,287.835900
285.000000,115.000000,247.484055, 70.000000, 34.000000, 46.000000, 49.000000, 36.000000, 47.000000, 47.000000,186.000000,276.135900
285.000000,115.000000,247.486343, 77.000000, 37.000000, 33.000000, 67.000000, 49.000000, 45.000000, 46.000000,181.000000,302.535900
285.000000,115.000000,247.488541, 54.000000, 29.000000, 48.000000, 60.000000, 51.000000, 57.000000, 59.000000,186.000000,376.977900
285.000000,115.000000,247.490753, 79.000000, 22.000000, 48.000000, 55.000000, 50.000000, 50.000000, 49.000000,172.000000,280.935900
285.000000,115.000000,247.492950, 76.000000, 35.000000, 43.000000, 62.000000, 47.000000, 52.000000, 48.000000,195.000000,365.765900
285.000000,115.000000,247.495224, 71.000000, 34.000000, 46.000000, 42.000000, 50.000000, 50.000000, 58.000000,201.000000,375.545900
285.000000,115.000000,247.497437, 86.000000, 44.000000, 48.000000, 47.000000, 47.000000, 59.000000, 36.000000,186.000000,323.525900
285.000000,115.000000,247.499634, 64.000000, 29.000000, 50.000000, 54.000000, 50.000000, 53.000000, 47.000000,184.000000,320.647900
285.000000,115.000000,247.501846, 74.000000, 23.000000, 35.000000, 42.000000, 44.000000, 55.000000, 48.000000,181.000000,260.615900
285.000000,115.000000,247.504044, 71.000000, 37.000000, 40.000000, 55.000000, 38.000000, 45.000000, 46.000000,171.000000,232.735900
285.000000,115.000000,247.506317, 79.000000, 30.000000, 46.000000, 62.000000, 43.000000, 48.000000, 41.000000,192.000000,321.935900
285.000000,115.000000,247.508530, 67.000000, 28.000000, 28.000000, 48.000000, 31.000000, 33.000000, 38.000000,150.000000, 75.849300
285.000000,115.000000,247.510727, 75.000000,  3.000000,  5.000000,  1.000000,  7.000000,  9.000000,  2.000000, 27.000000,  5.058000
285.000000,115.000000,247.532913,134.000000, 10.000000, 10.000000,  3.000000,  5.000000,  6.000000,  6.000000, 31.000000, 58.158000
285.000000,115.000000,247.535187, 70.000000,  3.000000,  6.000000,  5.000000,  4.000000,  1.000000,  2.000000, 28.000000,  0.558000
285.000000,115.000000,247.537399, 76.000000,  4.000000,  3.000000,  3.000000,  4.000000,  4.000000,  2.000000, 23.000000,  5.958000
285.000000,115.000000,247.548492, 73.000000,  5.000000,  4.000000,  5.000000,  4.000000,  6.000000,  4.000000, 22.000000,  3.258000
285.000000,115.000000,247.552902, 73.000000,  3.000000,  3.000000,  4.000000,  1.000000,  6.000000,  2.000000, 19.000000,  3.258000
285.000000,115.000000,247.559586, 70.000000,  5.000000,  5.000000,  4.000000,  5.000000,  6.000000,  3.000000, 28.000000,  0.558000
285.000000,115.000000,247.599548, 76.000000, 10.000000,  0.000000,  7.000000,  1.000000,  1.000000,  6.000000, 37.000000,  5.958000
285.000000,115.000000,263.816589, 61.000000, 22.000000, 31.000000, 40.000000, 37.000000, 43.000000, 47.000000,190.000000,229.087900
285.000000,115.000000,263.818848, 69.000000, 17.000000, 33.000000, 34.000000, 44.000000, 50.000000, 34.000000,185.000000,203.120600
